{"loss": [1.6789774894714355, 0.7526710629463196, 0.508656919002533, 0.3851242661476135, 0.30353114008903503, 0.24484869837760925, 0.1970674991607666, 0.17258015275001526, 0.14815817773342133, 0.1298607438802719, 0.11472656577825546, 0.09963780641555786, 0.09398675709962845, 0.09403089433908463, 0.07864387333393097, 0.07630278170108795, 0.0713050439953804, 0.06911065429449081, 0.06722085177898407, 0.061061691492795944, 0.06065014749765396, 0.05504419282078743, 0.05817554146051407, 0.05599392205476761, 0.05093426629900932, 0.05207091197371483, 0.05167631432414055, 0.046965230256319046, 0.04744746536016464, 0.043322205543518066, 0.04777798056602478, 0.05210111662745476, 0.04596582427620888, 0.04224691912531853, 0.04184570908546448, 0.04029574617743492, 0.04388044774532318, 0.03949239104986191, 0.03575299680233002, 0.03581007570028305, 0.037187810987234116, 0.038259271532297134, 0.03546004742383957, 0.03725063055753708, 0.03366009145975113, 0.033263932913541794, 0.03311854228377342, 0.03184289112687111, 0.03564171493053436, 0.036241501569747925], "accuracy": [0.4516249895095825, 0.7696458101272583, 0.8460833430290222, 0.8833958506584167, 0.9083541631698608, 0.9241041541099548, 0.9403749704360962, 0.9470416903495789, 0.952875018119812, 0.9583749771118164, 0.9637083411216736, 0.9677291512489319, 0.9695208072662354, 0.9692291617393494, 0.9741041660308838, 0.9751874804496765, 0.9771875143051147, 0.9772708415985107, 0.9788749814033508, 0.9804999828338623, 0.9803125262260437, 0.9832083582878113, 0.9818541407585144, 0.9827708601951599, 0.9840208292007446, 0.9836249947547913, 0.9834374785423279, 0.9851041436195374, 0.9852499961853027, 0.9863749742507935, 0.9847708344459534, 0.9844791889190674, 0.9857083559036255, 0.9868749976158142, 0.9881041646003723, 0.987333357334137, 0.9869166612625122, 0.987666666507721, 0.988937497138977, 0.9887291789054871, 0.9883333444595337, 0.9881874918937683, 0.9885625243186951, 0.9886666536331177, 0.9896041750907898, 0.9897291660308838, 0.9898958206176758, 0.9900000095367432, 0.9892500042915344, 0.9894583225250244], "val_loss": [0.871324360370636, 0.5785579085350037, 0.48844605684280396, 0.4325304329395294, 0.4255092442035675, 0.3996744751930237, 0.4247432053089142, 0.40889355540275574, 0.4406984746456146, 0.4303341805934906, 0.42140910029411316, 0.44239604473114014, 0.43428531289100647, 0.440529465675354, 0.47393161058425903, 0.46036097407341003, 0.4838503301143646, 0.5077509880065918, 0.46702852845191956, 0.4608689844608307, 0.48197606205940247, 0.5088540315628052, 0.5089850425720215, 0.5315459370613098, 0.5161702036857605, 0.4857073128223419, 0.48084717988967896, 0.5430230498313904, 0.5177653431892395, 0.5452069640159607, 0.5313611030578613, 0.49182650446891785, 0.5177453756332397, 0.491415411233902, 0.5035125017166138, 0.5322876572608948, 0.5419941544532776, 0.518583357334137, 0.5603631734848022, 0.5492399334907532, 0.5630571246147156, 0.5629857182502747, 0.5365073084831238, 0.5212645530700684, 0.5655980706214905, 0.5206143260002136, 0.5757185220718384, 0.5650277733802795, 0.5496417284011841, 0.5267401337623596], "val_accuracy": [0.7365000247955322, 0.8263333439826965, 0.8575833439826965, 0.8745833039283752, 0.8788333535194397, 0.8895000219345093, 0.8887500166893005, 0.8942499756813049, 0.8918333053588867, 0.8989166617393494, 0.903166651725769, 0.8960833549499512, 0.9039166569709778, 0.906416654586792, 0.9006666541099548, 0.9070833325386047, 0.9042500257492065, 0.9016666412353516, 0.9076666831970215, 0.9085000157356262, 0.9073333144187927, 0.9070000052452087, 0.906583309173584, 0.9057499766349792, 0.9085833430290222, 0.9108333587646484, 0.9117500185966492, 0.9074166417121887, 0.9084166884422302, 0.9083333611488342, 0.9085000157356262, 0.9113333225250244, 0.9113333225250244, 0.9137499928474426, 0.9147499799728394, 0.9120833277702332, 0.9122499823570251, 0.9110000133514404, 0.9113333225250244, 0.9101666808128357, 0.9114166498184204, 0.9108333587646484, 0.9137499928474426, 0.9137499928474426, 0.9149166941642761, 0.9151666760444641, 0.9129166603088379, 0.9135000109672546, 0.9128333330154419, 0.9120000004768372]}