{"loss": [1.9017369747161865, 1.0059581995010376, 0.7547562122344971, 0.6144944429397583, 0.5281894207000732, 0.4675174057483673, 0.41711580753326416, 0.3821909725666046, 0.3530697822570801, 0.32337695360183716, 0.306638240814209, 0.2881146967411041, 0.2715871334075928, 0.2610360383987427, 0.2446424514055252, 0.23467247188091278, 0.22385071218013763, 0.21783936023712158, 0.2086847722530365, 0.20186543464660645, 0.19753821194171906, 0.19041037559509277, 0.18689945340156555, 0.1792411357164383, 0.17244841158390045, 0.16828221082687378, 0.16780643165111542, 0.16393831372261047, 0.15775452554225922, 0.15629447996616364, 0.1567855179309845, 0.1471545398235321, 0.14788326621055603, 0.14315761625766754, 0.1404675543308258, 0.13748110830783844, 0.14024215936660767, 0.1364901065826416, 0.13365598022937775, 0.1347486972808838, 0.1334538459777832, 0.12751974165439606, 0.12484487891197205, 0.1303318291902542, 0.12184935808181763, 0.12492706626653671, 0.1284123808145523, 0.12110444158315659, 0.11521199345588684, 0.11918852478265762], "accuracy": [0.3633333444595337, 0.6852291822433472, 0.7712083458900452, 0.815666675567627, 0.8403541445732117, 0.8617083430290222, 0.8763750195503235, 0.8855208158493042, 0.895104169845581, 0.9031041860580444, 0.9090625047683716, 0.9131875038146973, 0.9176666736602783, 0.9203333258628845, 0.9257708191871643, 0.9292083382606506, 0.9316666722297668, 0.934458315372467, 0.9359583258628845, 0.9398958086967468, 0.9399583339691162, 0.9421666860580444, 0.9444166421890259, 0.9458125233650208, 0.9479166865348816, 0.9493749737739563, 0.9488541483879089, 0.9507708549499512, 0.9518749713897705, 0.9526041746139526, 0.9522500038146973, 0.956375002861023, 0.9556249976158142, 0.9570416808128357, 0.957937479019165, 0.9581666588783264, 0.9585624933242798, 0.9591249823570251, 0.9589375257492065, 0.9603541493415833, 0.9603333473205566, 0.9615208506584167, 0.9627708196640015, 0.9625416398048401, 0.964187502861023, 0.9626250267028809, 0.9631458520889282, 0.9643958210945129, 0.965749979019165, 0.9645833373069763], "val_loss": [1.0043202638626099, 0.6616802215576172, 0.5462737083435059, 0.4876473844051361, 0.44670096039772034, 0.4203341603279114, 0.4126281440258026, 0.4019239842891693, 0.38422831892967224, 0.37633422017097473, 0.37870773673057556, 0.3714422881603241, 0.3748878240585327, 0.36639171838760376, 0.3676578104496002, 0.37261807918548584, 0.36005231738090515, 0.3754798471927643, 0.36103320121765137, 0.3730759620666504, 0.3591313064098358, 0.35896703600883484, 0.3565819561481476, 0.3644125461578369, 0.36756598949432373, 0.3734208047389984, 0.3778787851333618, 0.3846158981323242, 0.3902829885482788, 0.4151132106781006, 0.4024219512939453, 0.3956354260444641, 0.40521180629730225, 0.41577649116516113, 0.4023151397705078, 0.3904021084308624, 0.4138008952140808, 0.40114298462867737, 0.4009499251842499, 0.3935544490814209, 0.3795740008354187, 0.383009672164917, 0.4211660623550415, 0.3985918462276459, 0.4232633411884308, 0.4147622883319855, 0.3990001976490021, 0.4034295678138733, 0.401083379983902, 0.40750017762184143], "val_accuracy": [0.6930000185966492, 0.8048333525657654, 0.8420000076293945, 0.8615833520889282, 0.8721666932106018, 0.8810833096504211, 0.8812500238418579, 0.8871666789054871, 0.8960833549499512, 0.8931666612625122, 0.8955833315849304, 0.8975833058357239, 0.8982499837875366, 0.9006666541099548, 0.9022499918937683, 0.9052500128746033, 0.9070833325386047, 0.9047499895095825, 0.9083333611488342, 0.9066666960716248, 0.9070833325386047, 0.9100833535194397, 0.9103333353996277, 0.9099166393280029, 0.9116666913032532, 0.9135833382606506, 0.9111666679382324, 0.9116666913032532, 0.9111666679382324, 0.9085000157356262, 0.9083333611488342, 0.909250020980835, 0.9104166626930237, 0.9101666808128357, 0.9108333587646484, 0.9119166731834412, 0.9117500185966492, 0.9139166474342346, 0.9122499823570251, 0.9147499799728394, 0.9171666502952576, 0.9166666865348816, 0.9116666913032532, 0.9149166941642761, 0.9132500290870667, 0.9142500162124634, 0.9137499928474426, 0.9170833230018616, 0.9176666736602783, 0.9154166579246521]}