{"loss": [2.047208070755005, 1.0475578308105469, 0.7715180516242981, 0.6252322793006897, 0.5344380736351013, 0.46563953161239624, 0.4194302558898926, 0.37902212142944336, 0.34280019998550415, 0.3154964745044708, 0.2926560640335083, 0.2760081887245178, 0.2536061406135559, 0.23754452168941498, 0.22564080357551575, 0.215910404920578, 0.2010260969400406, 0.2002970427274704, 0.1919177621603012, 0.18282143771648407, 0.17858977615833282, 0.16610673069953918, 0.1651490181684494, 0.14716878533363342, 0.15214350819587708, 0.14063097536563873, 0.13571985065937042, 0.1331128478050232, 0.12894555926322937, 0.12541988492012024, 0.11815372854471207, 0.12733744084835052, 0.11205454170703888, 0.11416792869567871, 0.11252650618553162, 0.10674594342708588, 0.10824300348758698, 0.10058610141277313], "accuracy": [0.3734166622161865, 0.667354166507721, 0.7628750205039978, 0.8104166388511658, 0.8396666646003723, 0.8609791398048401, 0.8737499713897705, 0.8840416669845581, 0.8969374895095825, 0.9028958082199097, 0.910812497138977, 0.9164375066757202, 0.9215624928474426, 0.9269999861717224, 0.9316458106040955, 0.9327499866485596, 0.9381666779518127, 0.9379166960716248, 0.9408958554267883, 0.9426041841506958, 0.9432500004768372, 0.9476875066757202, 0.9482499957084656, 0.9538333415985107, 0.9517499804496765, 0.9556249976158142, 0.9580833315849304, 0.9591249823570251, 0.9593750238418579, 0.9606249928474426, 0.9626041650772095, 0.9608333110809326, 0.9653750061988831, 0.9642916917800903, 0.9650624990463257, 0.9670416712760925, 0.9663125276565552, 0.9682291746139526], "val_loss": [0.9759998321533203, 0.6539627909660339, 0.5457109212875366, 0.46506306529045105, 0.43840280175209045, 0.4201768934726715, 0.40092790126800537, 0.3928208351135254, 0.36623576283454895, 0.3526324927806854, 0.3463064432144165, 0.33673587441444397, 0.3161439895629883, 0.32945871353149414, 0.3219395577907562, 0.32090166211128235, 0.3343961834907532, 0.33391523361206055, 0.3164859712123871, 0.32146939635276794, 0.3243371546268463, 0.3256103992462158, 0.2986465394496918, 0.30722248554229736, 0.32110413908958435, 0.3116244077682495, 0.30787861347198486, 0.2985892593860626, 0.3010774850845337, 0.31373289227485657, 0.3425876200199127, 0.32446086406707764, 0.3375917077064514, 0.3101639151573181, 0.33149465918540955, 0.32887253165245056, 0.31515926122665405, 0.3162146806716919], "val_accuracy": [0.687666654586792, 0.8025000095367432, 0.8387500047683716, 0.862666666507721, 0.874666690826416, 0.8805833458900452, 0.8855000138282776, 0.8915833234786987, 0.9014999866485596, 0.9028333425521851, 0.9075000286102295, 0.9084166884422302, 0.9138333201408386, 0.9139166474342346, 0.9166666865348816, 0.9175833463668823, 0.9162499904632568, 0.9168333411216736, 0.9230833053588867, 0.9182500243186951, 0.9190833568572998, 0.9208333492279053, 0.9273333549499512, 0.9247499704360962, 0.9228333234786987, 0.924916684627533, 0.9277499914169312, 0.9283333420753479, 0.9282500147819519, 0.9290833473205566, 0.9238333106040955, 0.9261666536331177, 0.9253333210945129, 0.9298333525657654, 0.9284166693687439, 0.9278333187103271, 0.9303333163261414, 0.9284166693687439]}